{
  "run": "segformer_focal",
  "model": "segformer",
  "split": "val",
  "miou": 0.7981361150741577,
  "pixel_acc": 0.9578260183334351,
  "per_class_iou": {
    "sky": 0.9404458999633789,
    "building": 0.9230193495750427,
    "pole": 0.2671530246734619,
    "road": 0.9726675152778625,
    "pavement": 0.8869379758834839,
    "tree": 0.9236286878585815,
    "sign_symbol": 0.6532073616981506,
    "fence": 0.7711096405982971,
    "car": 0.8984342217445374,
    "pedestrian": 0.6845412850379944,
    "bicyclist": 0.85835200548172
  }
}