{
  "run": "unet_50",
  "model": "unet",
  "split": "val",
  "miou": 0.755720853805542,
  "pixel_acc": 0.9468922019004822,
  "per_class_iou": {
    "sky": 0.9443004131317139,
    "building": 0.8986949324607849,
    "pole": 0.1781405806541443,
    "road": 0.9660707116127014,
    "pavement": 0.86273592710495,
    "tree": 0.905890166759491,
    "sign_symbol": 0.5247623324394226,
    "fence": 0.7290358543395996,
    "car": 0.8349727988243103,
    "pedestrian": 0.6479724645614624,
    "bicyclist": 0.8203531503677368
  }
}