{
  "run": "unet_200",
  "model": "unet",
  "split": "val",
  "miou": 0.7570042610168457,
  "pixel_acc": 0.9480679631233215,
  "per_class_iou": {
    "sky": 0.942855715751648,
    "building": 0.9007697105407715,
    "pole": 0.21428465843200684,
    "road": 0.9679683446884155,
    "pavement": 0.8701249957084656,
    "tree": 0.9094882011413574,
    "sign_symbol": 0.5760321617126465,
    "fence": 0.7483981847763062,
    "car": 0.8486934900283813,
    "pedestrian": 0.5704354047775269,
    "bicyclist": 0.7779952883720398
  }
}