{
  "run": "segformer_25",
  "model": "segformer",
  "split": "val",
  "miou": 0.7520475387573242,
  "pixel_acc": 0.9471295475959778,
  "per_class_iou": {
    "sky": 0.9406648278236389,
    "building": 0.9049661755561829,
    "pole": 0.2127854824066162,
    "road": 0.9677534103393555,
    "pavement": 0.8621907830238342,
    "tree": 0.9130036234855652,
    "sign_symbol": 0.5587931871414185,
    "fence": 0.6618098020553589,
    "car": 0.87079918384552,
    "pedestrian": 0.566986620426178,
    "bicyclist": 0.8127698302268982
  }
}