{
  "run": "unet_focal",
  "model": "unet",
  "split": "val",
  "miou": 0.7670543193817139,
  "pixel_acc": 0.9507142901420593,
  "per_class_iou": {
    "sky": 0.9436944127082825,
    "building": 0.9091119766235352,
    "pole": 0.20895545184612274,
    "road": 0.9666112661361694,
    "pavement": 0.8627074956893921,
    "tree": 0.9144412279129028,
    "sign_symbol": 0.5905548334121704,
    "fence": 0.7639782428741455,
    "car": 0.8604245185852051,
    "pedestrian": 0.6086041331291199,
    "bicyclist": 0.8085132241249084
  }
}