{
  "run": "unet_100_s2",
  "model": "unet",
  "split": "val",
  "miou": 0.7683817744255066,
  "pixel_acc": 0.9475833773612976,
  "per_class_iou": {
    "sky": 0.9414235353469849,
    "building": 0.9023126363754272,
    "pole": 0.21272504329681396,
    "road": 0.9631410241127014,
    "pavement": 0.8624494075775146,
    "tree": 0.9119144082069397,
    "sign_symbol": 0.642074704170227,
    "fence": 0.713525116443634,
    "car": 0.8541154265403748,
    "pedestrian": 0.6284834146499634,
    "bicyclist": 0.8200344443321228
  }
}