{
  "run": "unet_100",
  "model": "unet",
  "split": "val",
  "tta": {
    "scales": [
      1.0
    ],
    "flip": true,
    "height": 736,
    "width": 960
  },
  "miou": 0.7352761626243591,
  "pixel_acc": 0.9256207942962646,
  "per_class_iou": {
    "sky": 0.9239925742149353,
    "building": 0.8496027588844299,
    "pole": 0.20065374672412872,
    "road": 0.9260361790657043,
    "pavement": 0.7946724891662598,
    "tree": 0.8883989453315735,
    "sign_symbol": 0.5269429087638855,
    "fence": 0.6939170956611633,
    "car": 0.8254454135894775,
    "pedestrian": 0.6379908323287964,
    "bicyclist": 0.8203847408294678
  }
}