{
  "run": "unet_100",
  "model": "unet",
  "dataset": "cityscapes_val",
  "miou": 0.46972736716270447,
  "pixel_acc": 0.8091741800308228,
  "per_class_iou": {
    "sky": 0.7957001328468323,
    "building": 0.7215331792831421,
    "pole": 0.21920615434646606,
    "road": 0.7945084571838379,
    "pavement": 0.36806589365005493,
    "tree": 0.6739117503166199,
    "sign_symbol": 0.25622037053108215,
    "fence": 0.09408914297819138,
    "car": 0.7458961606025696,
    "pedestrian": 0.36074039340019226,
    "bicyclist": 0.13712893426418304
  }
}