{
  "run": "unet_100",
  "model": "unet",
  "split": "val",
  "tta": {
    "scales": [
      0.75,
      1.0,
      1.25
    ],
    "flip": true,
    "height": 384,
    "width": 480
  },
  "miou": 0.7712934017181396,
  "pixel_acc": 0.9492588639259338,
  "per_class_iou": {
    "sky": 0.9453457593917847,
    "building": 0.9104931354522705,
    "pole": 0.2340637892484665,
    "road": 0.9626001715660095,
    "pavement": 0.8541293144226074,
    "tree": 0.9116429090499878,
    "sign_symbol": 0.6311854124069214,
    "fence": 0.67750483751297,
    "car": 0.8773072361946106,
    "pedestrian": 0.6344303488731384,
    "bicyclist": 0.8455247282981873
  }
}