{
  "run": "unet_100",
  "model": "unet",
  "split": "val",
  "miou": 0.7567092180252075,
  "pixel_acc": 0.9445846080780029,
  "per_class_iou": {
    "sky": 0.9437215328216553,
    "building": 0.8976638913154602,
    "pole": 0.22361038625240326,
    "road": 0.9608845114707947,
    "pavement": 0.8472917675971985,
    "tree": 0.9064679145812988,
    "sign_symbol": 0.5746088624000549,
    "fence": 0.6772180795669556,
    "car": 0.8756896257400513,
    "pedestrian": 0.5952751636505127,
    "bicyclist": 0.8213692307472229
  }
}