{
  "run": "unet_100",
  "model": "unet",
  "split": "val",
  "tta": {
    "scales": [
      1.0
    ],
    "flip": true,
    "height": 384,
    "width": 480
  },
  "miou": 0.7711242437362671,
  "pixel_acc": 0.9480863809585571,
  "per_class_iou": {
    "sky": 0.9450384974479675,
    "building": 0.9035056233406067,
    "pole": 0.22061681747436523,
    "road": 0.9629486203193665,
    "pavement": 0.8518365025520325,
    "tree": 0.9093825817108154,
    "sign_symbol": 0.6166354417800903,
    "fence": 0.7069593667984009,
    "car": 0.8805418610572815,
    "pedestrian": 0.6469428539276123,
    "bicyclist": 0.8379592895507812
  }
}