{
  "run": "segformer_200",
  "model": "segformer",
  "split": "val",
  "miou": 0.8020531535148621,
  "pixel_acc": 0.9579207897186279,
  "per_class_iou": {
    "sky": 0.9369310736656189,
    "building": 0.9226847887039185,
    "pole": 0.2847781777381897,
    "road": 0.9719151854515076,
    "pavement": 0.8846007585525513,
    "tree": 0.9238720536231995,
    "sign_symbol": 0.6511842012405396,
    "fence": 0.808009147644043,
    "car": 0.8897756934165955,
    "pedestrian": 0.6863429546356201,
    "bicyclist": 0.862489640712738
  }
}