{
  "run": "segformer_100_s2",
  "model": "segformer",
  "split": "val",
  "miou": 0.7991450428962708,
  "pixel_acc": 0.9566897749900818,
  "per_class_iou": {
    "sky": 0.9382933974266052,
    "building": 0.9229998588562012,
    "pole": 0.29374635219573975,
    "road": 0.9688926339149475,
    "pavement": 0.8766334652900696,
    "tree": 0.9282204508781433,
    "sign_symbol": 0.6666404008865356,
    "fence": 0.7821826934814453,
    "car": 0.8878805041313171,
    "pedestrian": 0.6729753613471985,
    "bicyclist": 0.8521298766136169
  }
}