{
  "run": "segformer_100_s1",
  "model": "segformer",
  "split": "val",
  "miou": 0.7990849614143372,
  "pixel_acc": 0.9578210711479187,
  "per_class_iou": {
    "sky": 0.9372963309288025,
    "building": 0.9249911904335022,
    "pole": 0.2632915675640106,
    "road": 0.9714294672012329,
    "pavement": 0.8852220773696899,
    "tree": 0.9276929497718811,
    "sign_symbol": 0.6745613217353821,
    "fence": 0.7780188918113708,
    "car": 0.8954025506973267,
    "pedestrian": 0.6745936870574951,
    "bicyclist": 0.8574347496032715
  }
}