{
  "run": "unet_25",
  "model": "unet",
  "split": "val",
  "miou": 0.7033476829528809,
  "pixel_acc": 0.9337858557701111,
  "per_class_iou": {
    "sky": 0.9253963232040405,
    "building": 0.8810874223709106,
    "pole": 0.15862134099006653,
    "road": 0.9566863179206848,
    "pavement": 0.823801577091217,
    "tree": 0.9000141024589539,
    "sign_symbol": 0.46596401929855347,
    "fence": 0.5899617671966553,
    "car": 0.8050572276115417,
    "pedestrian": 0.4647909700870514,
    "bicyclist": 0.7654430866241455
  }
}