{
  "run": "unet_100_s1",
  "model": "unet",
  "split": "val",
  "miou": 0.7703418731689453,
  "pixel_acc": 0.9481431245803833,
  "per_class_iou": {
    "sky": 0.9408903121948242,
    "building": 0.8996440172195435,
    "pole": 0.20271675288677216,
    "road": 0.9676982760429382,
    "pavement": 0.8612736463546753,
    "tree": 0.9056738018989563,
    "sign_symbol": 0.633456826210022,
    "fence": 0.7211061120033264,
    "car": 0.8765689134597778,
    "pedestrian": 0.6232967376708984,
    "bicyclist": 0.8414351344108582
  }
}