{
  "run": "segformer_100",
  "model": "segformer",
  "dataset": "cityscapes_val",
  "miou": 0.598210334777832,
  "pixel_acc": 0.9036586880683899,
  "per_class_iou": {
    "sky": 0.8496739268302917,
    "building": 0.8182561993598938,
    "pole": 0.32761529088020325,
    "road": 0.9361832737922668,
    "pavement": 0.5790758728981018,
    "tree": 0.856673538684845,
    "sign_symbol": 0.39995917677879333,
    "fence": 0.18888911604881287,
    "car": 0.8352919220924377,
    "pedestrian": 0.5762957334518433,
    "bicyclist": 0.2123994529247284
  }
}