{
  "run": "segformer_100",
  "model": "segformer",
  "split": "val",
  "tta": {
    "scales": [
      1.0
    ],
    "flip": true,
    "height": 736,
    "width": 960
  },
  "miou": 0.7926881909370422,
  "pixel_acc": 0.9534682631492615,
  "per_class_iou": {
    "sky": 0.9349012970924377,
    "building": 0.9144313931465149,
    "pole": 0.29877591133117676,
    "road": 0.9697531461715698,
    "pavement": 0.8751109838485718,
    "tree": 0.9216369986534119,
    "sign_symbol": 0.6507575511932373,
    "fence": 0.7710767388343811,
    "car": 0.8842036724090576,
    "pedestrian": 0.6514326333999634,
    "bicyclist": 0.8474898338317871
  }
}