{
  "run": "segformer_100",
  "model": "segformer",
  "split": "val",
  "tta": {
    "scales": [
      0.75,
      1.0,
      1.25
    ],
    "flip": true,
    "height": 384,
    "width": 480
  },
  "miou": 0.8083555102348328,
  "pixel_acc": 0.9591781497001648,
  "per_class_iou": {
    "sky": 0.9423403143882751,
    "building": 0.9263622164726257,
    "pole": 0.29593101143836975,
    "road": 0.9715931415557861,
    "pavement": 0.8827282190322876,
    "tree": 0.9287710785865784,
    "sign_symbol": 0.6918963193893433,
    "fence": 0.7785203456878662,
    "car": 0.9035605788230896,
    "pedestrian": 0.7061008810997009,
    "bicyclist": 0.8641065359115601
  }
}