{
  "run": "segformer_100",
  "model": "segformer",
  "split": "val",
  "miou": 0.7959638237953186,
  "pixel_acc": 0.9565349817276001,
  "per_class_iou": {
    "sky": 0.937625527381897,
    "building": 0.9204040169715881,
    "pole": 0.2717273533344269,
    "road": 0.9712194204330444,
    "pavement": 0.8809925317764282,
    "tree": 0.9237669110298157,
    "sign_symbol": 0.6496384143829346,
    "fence": 0.7810003757476807,
    "car": 0.8889253735542297,
    "pedestrian": 0.6765260100364685,
    "bicyclist": 0.8537762761116028
  }
}