{
  "run": "segformer_100",
  "model": "segformer",
  "split": "val",
  "tta": {
    "scales": [
      1.0
    ],
    "flip": true,
    "height": 384,
    "width": 480
  },
  "miou": 0.8017789721488953,
  "pixel_acc": 0.9577286839485168,
  "per_class_iou": {
    "sky": 0.9384987354278564,
    "building": 0.9235000610351562,
    "pole": 0.27990633249282837,
    "road": 0.9708580374717712,
    "pavement": 0.8803451657295227,
    "tree": 0.926849365234375,
    "sign_symbol": 0.6756147742271423,
    "fence": 0.7886243462562561,
    "car": 0.8966120481491089,
    "pedestrian": 0.6823506355285645,
    "bicyclist": 0.8564091920852661
  }
}