{
  "class_names": [
    "sky",
    "building",
    "pole",
    "road",
    "pavement",
    "tree",
    "sign_symbol",
    "fence",
    "car",
    "pedestrian",
    "bicyclist"
  ],
  "pixel_counts": [
    10682767,
    14750079,
    623349,
    20076880,
    2845085,
    6166762,
    743859,
    714595,
    3719877,
    405385,
    184967
  ],
  "void_pixel_count": 2503995,
  "pixel_share": [
    0.16845113974669493,
    0.23258652172267635,
    0.009829274523160764,
    0.316582147542638,
    0.04486270372893329,
    0.09724054521142396,
    0.011729535649409628,
    0.011268086461802402,
    0.0586568555101423,
    0.006392310651932587,
    0.002916650898173378
  ],
  "images_containing_class": [
    366,
    365,
    366,
    367,
    349,
    319,
    351,
    173,
    360,
    317,
    201
  ],
  "median_freq_weights": [
    0.27929756422584745,
    0.20172900065654373,
    4.786517347893818,
    0.14901831899724735,
    1.0,
    0.42169972174769205,
    3.846682250311395,
    1.973585514835973,
    0.7889395714398921,
    6.3747242928323855,
    8.85873323055241
  ]
}