{
  "run": "segformer_50",
  "model": "segformer",
  "split": "val",
  "miou": 0.7830712199211121,
  "pixel_acc": 0.9540657997131348,
  "per_class_iou": {
    "sky": 0.9417970180511475,
    "building": 0.9153828024864197,
    "pole": 0.24753135442733765,
    "road": 0.9708845019340515,
    "pavement": 0.8694774508476257,
    "tree": 0.9256178140640259,
    "sign_symbol": 0.6072956323623657,
    "fence": 0.7538868188858032,
    "car": 0.8904048204421997,
    "pedestrian": 0.6476886868476868,
    "bicyclist": 0.8438150882720947
  }
}